position,fitval,numpoints,stdfit,numortho,SCAsector,EVCrank,cumulative.strength,EC.strength,ECconservation,number.of.ECs,MSAall_res_num,MSAdrop_res_num,color
103,2.22654282497416,22,1.25303039737515,10,NA,NA,NA,NA,NA,NA,228,141,green
135,3.3994998581821,20,2.02166850877966,7,4,68,0.646,2.7,19,3,263,175,magenta
68,3.57305712371897,18,1.82994152605339,8,NA,7,1.635,7,15,5,181,105,red
69,3.34329864469448,18,1.57547848921641,10,3,90,0.399,1.7,16,1,184,106,red
134,2.69960929939078,17,1.23078568987417,9,2,120,0.141,0.6,31,1,262,174,magenta
35,2.66427581524206,14,2.01699887099221,11,NA,79,0.544,2.3,21,3,81,50,red
34,3.77843802188372,13,1.44881577941483,6,3,13,1.528,6.5,37,5,80,49,red
64,2.24691977932459,13,1.22027726776893,4,NA,25,1.082,4.6,21,2,173,100,aquamarine
